,Date,Open_XMR,High_XMR,Low_XMR,Close_XMR,Adj Close_XMR,Volume_XMR,Target_XMR,Month_XMR,Weekday_XMR,Close_Ratio_XMR_2,Trend_XMR_2,Close_Ratio_XMR_7,Trend_XMR_7,Close_Ratio_XMR_15,Trend_XMR_15,Open_BTC,High_BTC,Low_BTC,Close_BTC,Adj Close_BTC,Volume_BTC,Target_BTC,Close_Ratio_BTC_2,Trend_BTC_2,Close_Ratio_BTC_7,Trend_BTC_7,Close_Ratio_BTC_15,Trend_BTC_15,Open_ETH,High_ETH,Low_ETH,Close_ETH,Adj Close_ETH,Volume_ETH,Target_ETH,Close_Ratio_ETH_2,Trend_ETH_2,Close_Ratio_ETH_7,Trend_ETH_7,Close_Ratio_ETH_15,Trend_ETH_15,Open_G,High_G,Low_G,Close_G,Adj Close_G,Volume_G,Target_G,Close_Ratio_G_2,Trend_G_2,Close_Ratio_G_7,Trend_G_7,Close_Ratio_G_15,Trend_G_15,Open_D,High_D,Low_D,Close_D,Adj Close_D,Volume_D,Target_D,Close_Ratio_D_2,Trend_D_2,Close_Ratio_D_7,Trend_D_7,Close_Ratio_D_15,Trend_D_15,Open_S,High_S,Low_S,Close_S,Adj Close_S,Volume_S,Target_S,Close_Ratio_S_2,Trend_S_2,Close_Ratio_S_5,Trend_S_5,Close_Ratio_S_7,Trend_S_7,Close_Ratio_S_10,Trend_S_10,Close_Ratio_S_15,Trend_S_15,hash,difficulty
2064,2023-07-20,165.8395233154297,170.03273010253906,163.32733154296875,165.80479431152344,165.80479431152344,103073885,0,7,3,0.9999072897452198,0.0,1.00273538791095,3.0,1.0030660663609061,6.0,29915.25,30195.53125,29638.095703125,29792.015625,29792.015625,14655207121,1.0,0.9979581896836125,1.0,0.9902971921508095,1.0,0.9838714991494987,5.0,1889.07373046875,1919.264404296875,1879.734375,1890.9691162109375,1890.9691162109375,7366830684,0.0,1.0005188342718165,1.0,0.98902143013037,1.0,0.9963297939933036,4.0,1973.699951171875,1973.699951171875,1965.5999755859375,1968.300048828125,1968.300048828125,638.0,1.0,0.9976684193172416,1.0,1.001978084317848,5.0,1.0141102309058787,9.0,99.96499633789062,100.68499755859375,99.74500274658203,100.59700012207031,100.59700012207031,15091.0,1.0,1.0030361251461855,2.0,1.007419240222361,4.0,0.993950489310742,7.0,454.1700134277344,455.1000061035156,451.44000244140625,452.17999267578125,450.5906066894531,70591600.0,1.0,0.996671714700568,1.0,0.999650686406339,3.0,1.0025306545669517,5.0,1.009794672351345,7.0,1.0144767006108317,10.0,3024653427.0,362958411217.31946
2065,2023-07-21,165.79937744140625,166.15394592285156,160.94570922851562,162.0350799560547,162.0350799560547,108451552,1,7,4,0.9885013549255086,0.0,0.9786403545606351,3.0,0.9817179180455833,6.0,29805.111328125,30045.998046875,29733.8515625,29908.744140625,29908.744140625,10972789818,0.0,1.0019552266350253,1.0,0.9961892970587005,2.0,0.9877277110982913,6.0,1891.581298828125,1905.38623046875,1885.2962646484375,1892.080078125,1892.080078125,4668158260,1.0,1.0002936683762205,2.0,0.9931098324916203,2.0,0.9953961768729066,5.0,1961.800048828125,1964.300048828125,1961.800048828125,1964.300048828125,1964.300048828125,50.0,0.0,0.9989828612366703,0.0,0.9993531755067138,4.0,1.0101375760989266,9.0,100.50499725341797,100.92500305175781,100.44999694824219,100.7979965209961,100.7979965209961,13828.0,1.0,1.0009980208161875,2.0,1.008559166947126,5.0,0.9973883701493608,7.0,453.9599914550781,454.1700134277344,452.1700134277344,452.17999267578125,450.5906066894531,71245400.0,0.0,1.0,0.0,0.9983705514177172,3.0,1.0005784721201114,4.0,1.0067303749262,7.0,1.0123462920649178,9.0,3250848123.0,390101774761.90594
2066,2023-07-22,162.0469970703125,163.73936462402344,161.36911010742188,162.18275451660156,162.18275451660156,94156998,1,7,5,1.0004554794488312,1.0,0.9817039154279925,3.0,0.9838838551493043,7.0,29908.697265625,29991.615234375,29664.12109375,29771.802734375,29771.802734375,7873300598,1.0,0.9977054264174753,1.0,0.9941067423009887,2.0,0.984441678007319,5.0,1891.955078125,1897.0880126953125,1855.0927734375,1864.912353515625,1864.912353515625,4101305643,1.0,0.9927687571631569,1.0,0.9837594626156253,2.0,0.9812994631210916,4.0,1961.800048828125,1964.300048828125,1961.800048828125,1964.300048828125,1964.300048828125,50.0,0.0,0.9989828612366703,0.0,0.9993531755067138,4.0,1.0101375760989266,9.0,100.50499725341797,100.92500305175781,100.44999694824219,100.7979965209961,100.7979965209961,13828.0,1.0,1.0009980208161875,2.0,1.008559166947126,5.0,0.9973883701493608,7.0,453.9599914550781,454.1700134277344,452.1700134277344,452.17999267578125,450.5906066894531,71245400.0,0.0,1.0,0.0,0.9983705514177172,3.0,1.0005784721201114,4.0,1.0067303749262,7.0,1.0123462920649178,9.0,3280573293.0,393668795198.691
2067,2023-07-23,162.2075653076172,166.2592010498047,161.57887268066406,163.7012176513672,163.7012176513672,97150671,0,7,6,1.0046595207633684,2.0,0.9923710534596983,3.0,0.9945502610340815,7.0,29790.111328125,30330.640625,29741.52734375,30084.5390625,30084.5390625,9220145050,0.0,1.005224781848284,1.0,1.0053386084641907,3.0,0.995239033447289,6.0,1866.09423828125,1904.4832763671875,1859.56884765625,1889.191650390625,1889.191650390625,4480604100,0.0,1.006467401236017,1.0,0.9991639893031506,3.0,0.993250901186669,5.0,1961.800048828125,1964.300048828125,1961.800048828125,1964.300048828125,1964.300048828125,50.0,0.0,0.9989828612366703,0.0,0.9993531755067138,4.0,1.0101375760989266,9.0,100.50499725341797,100.92500305175781,100.44999694824219,100.7979965209961,100.7979965209961,13828.0,1.0,1.0009980208161875,2.0,1.008559166947126,5.0,0.9973883701493608,7.0,453.9599914550781,454.1700134277344,452.1700134277344,452.17999267578125,450.5906066894531,71245400.0,0.0,1.0,0.0,0.9983705514177172,3.0,1.0005784721201114,4.0,1.0067303749262,7.0,1.0123462920649178,9.0,3227542199.0,387305063920.53815
2068,2023-07-24,163.7126007080078,164.5501708984375,160.26019287109375,160.86376953125,160.86376953125,107304657,1,7,0,0.9912576888075709,1.0,0.9814181658424965,2.0,0.9793010614415684,7.0,30081.662109375,30093.39453125,28934.294921875,29176.916015625,29176.916015625,15395817395,1.0,0.9846844285939576,1.0,0.9795395700478817,3.0,0.9673348471439213,6.0,1888.8095703125,1889.761962890625,1836.8524169921875,1850.0020751953125,1850.0020751953125,6344373569,1.0,0.9895192445025909,1.0,0.9830156399408292,3.0,0.9730904626775678,5.0,1965.300048828125,1965.5,1960.300048828125,1960.300048828125,1960.300048828125,2.0,0.0,0.9989807878763524,0.0,0.9972384099250959,3.0,1.006727638157814,8.0,100.71499633789062,101.16000366210938,100.625,101.08300018310547,101.08300018310547,14265.0,1.0,1.0014117409105479,2.0,1.0090641417825206,6.0,1.0012017810916487,8.0,453.3699951171875,455.0400085449219,452.29998779296875,454.20001220703125,452.603515625,54023400.0,0.0,1.0022286673584675,1.0,1.00134484834838,3.0,1.0035763345187467,4.0,1.0079647715735793,7.0,1.015214082954871,9.0,3329503098.0,399540371791.5104
2069,2023-07-25,160.8729705810547,163.0662384033203,160.05511474609375,162.75222778320312,162.75222778320312,82517267,1,7,1,1.005835491037602,1.0,0.9965798860857217,3.0,0.9911459451461582,8.0,29178.970703125,29353.16015625,29062.43359375,29227.390625,29227.390625,10266772793,0.0,1.0008642275249595,1.0,0.9842040052363867,4.0,0.9715574340294576,6.0,1850.0279541015625,1867.3232421875,1845.9815673828125,1857.741943359375,1857.741943359375,4163381707,0.0,1.002087487195807,1.0,0.9901239162033951,4.0,0.9779439617187364,5.0,1953.0,1962.5,1953.0,1962.0999755859375,1962.0999755859375,19.0,0.0,1.0004588840369695,1.0,0.9980090052855121,3.0,1.0062601623356033,8.0,101.1500015258789,101.3949966430664,100.93000030517578,101.09600067138672,101.09600067138672,10854.0,1.0,1.0000643018722335,2.0,1.0070526484964546,6.0,1.0023617497858728,8.0,453.9200134277344,456.739990234375,453.8699951171875,455.44000244140625,453.8391418457031,55191200.0,1.0,1.0013631658836537,2.0,1.0035254715128523,3.0,1.0043632648092857,5.0,1.0078135261977048,7.0,1.0162215303755482,9.0,2805367022.0,336644042615.0833
2070,2023-07-26,162.75546264648438,163.51971435546875,161.31423950195312,163.00503540039062,163.00503540039062,94831356,0,7,2,1.0007760613369503,2.0,1.0006054033871385,4.0,0.9936213774804845,8.0,29225.759765625,29675.552734375,29113.912109375,29354.97265625,29354.97265625,13497554655,1.0,1.0021778232236465,2.0,0.9911653278046206,4.0,0.9785437558362853,6.0,1857.696533203125,1886.97412109375,1849.4368896484375,1872.159912109375,1872.159912109375,5781548155,1.0,1.0038655088816508,2.0,0.999089906827171,5.0,0.9857474611876014,6.0,1966.199951171875,1972.0,1966.199951171875,1968.9000244140625,1968.9000244140625,51.0,1.0,1.0017298521567348,2.0,1.0002685376755232,4.0,1.0080484275363613,9.0,101.05500030517578,101.19000244140625,100.59500122070312,100.63600158691406,100.63600158691406,18449.0,1.0,0.9977197515549185,1.0,1.0008937091616343,6.0,0.9993856401529243,7.0,454.4700012207031,456.989990234375,453.3800048828125,455.510009765625,453.9089050292969,71052900.0,1.0,1.0000768508955273,2.0,1.00354263212231,3.0,1.0030419465447311,5.0,1.0058561581039367,7.0,1.0145094535377301,10.0,2532928503.0,303951420324.90625
2071,2023-07-27,163.0076904296875,164.07748413085938,161.4040985107422,162.14706420898438,162.14706420898438,106574136,1,7,3,0.9973613235392391,1.0,0.9985416395475665,4.0,0.9889732160994119,8.0,29353.798828125,29560.966796875,29099.3515625,29210.689453125,29210.689453125,10770779217,1.0,0.9975363856920879,1.0,0.9890670282355281,4.0,0.9762963554692053,6.0,1872.0863037109375,1885.591552734375,1855.321533203125,1860.357177734375,1860.357177734375,4291339248,1.0,0.9968378619331402,1.0,0.9951136503948509,4.0,0.979937373188835,6.0,1945.4000244140625,1945.4000244140625,1945.4000244140625,1945.4000244140625,1945.4000244140625,194253.0,1.0,0.9939963723509047,1.0,0.9906159980216277,3.0,0.9947706563599237,9.0,100.84500122070312,101.61499786376953,100.31999969482422,101.54399871826172,101.54399871826172,24611.0,0.0,1.0044910333859784,1.0,1.0071782525142559,6.0,1.0092867048309038,8.0,459.0199890136719,459.44000244140625,451.54998779296875,452.489990234375,450.8995056152344,92194400.0,1.0,0.9966739873003855,1.0,0.9967530217688794,3.0,0.9969249400324597,4.0,0.9985413013746787,6.0,1.0058671135887067,10.0,2462507846.0,295500941462.72565
2072,2023-07-28,162.1536102294922,164.4500732421875,161.9344482421875,163.30787658691406,163.30787658691406,108313267,0,7,4,1.0035667376107147,1.0,1.0045653543865192,5.0,0.9968079615896107,8.0,29212.1640625,29521.513671875,29125.845703125,29319.24609375,29319.24609375,11218474952,0.0,1.0018547199755254,1.0,0.9955815977835367,4.0,0.9846565875410043,6.0,1860.7025146484375,1881.457275390625,1857.0489501953125,1874.744873046875,1874.744873046875,3800973336,0.0,1.003852022010882,1.0,1.0041398477813106,4.0,0.9921066999545386,6.0,1945.5,1962.199951171875,1944.199951171875,1960.4000244140625,1960.4000244140625,23155.0,0.0,1.0038404423709557,1.0,0.9994974380856169,3.0,1.0012734780830657,9.0,101.4800033569336,101.82499694824219,101.09500122070312,101.39900207519531,101.39900207519531,19385.0,1.0,0.9992855302104556,1.0,1.0037333005005893,5.0,1.0082136276184128,8.0,455.8800048828125,457.7799987792969,452.489990234375,456.9200134277344,455.31396484375,80011800.0,0.0,1.004871315661275,1.0,1.0044140576368925,4.0,1.0061404755338146,4.0,1.0066202063605862,7.0,1.0129572143115688,11.0,2732844826.0,327941379117.4375
2073,2023-07-29,163.2673797607422,164.1488037109375,162.19483947753906,163.20443725585938,163.20443725585938,73361895,0,7,5,0.9996831992954958,1.0,1.003028523276392,4.0,0.9950819399431465,8.0,29319.4453125,29396.84375,29264.166015625,29356.91796875,29356.91796875,6481775959,1.0,1.0006420302963206,2.0,0.9988711158543675,5.0,0.988083460282314,7.0,1874.5604248046875,1885.529296875,1870.3338623046875,1881.06884765625,1881.06884765625,2497302218,1.0,1.0016837828176928,2.0,1.0062830553913757,5.0,0.997504225618408,7.0,1945.5,1962.199951171875,1944.199951171875,1960.4000244140625,1960.4000244140625,23155.0,0.0,1.0038404423709557,1.0,0.9994974380856169,3.0,1.0012734780830657,9.0,101.4800033569336,101.82499694824219,101.09500122070312,101.39900207519531,101.39900207519531,19385.0,1.0,0.9992855302104556,1.0,1.0037333005005893,5.0,1.0082136276184128,8.0,455.8800048828125,457.7799987792969,452.489990234375,456.9200134277344,455.31396484375,80011800.0,0.0,1.004871315661275,1.0,1.0044140576368925,4.0,1.0061404755338146,4.0,1.0066202063605862,7.0,1.0129572143115688,11.0,2450466650.0,294055997993.4147
2074,2023-07-30,163.19976806640625,163.7192840576172,158.6033477783203,160.262451171875,160.262451171875,52968179,1,7,6,0.9909048307903031,0.0,0.9879302629651913,3.0,0.9789285092208836,7.0,29357.09375,29443.169921875,29059.501953125,29275.30859375,29275.30859375,8678454527,1.0,0.9986081140051366,1.0,1.0000279070357927,4.0,0.9875981206420933,7.0,1880.87158203125,1884.1441650390625,1851.72802734375,1861.643798828125,1861.643798828125,4003005547,1.0,0.9948099010896893,1.0,0.997992602162774,4.0,0.9896462408257857,7.0,1945.5,1962.199951171875,1944.199951171875,1960.4000244140625,1960.4000244140625,23155.0,0.0,1.0038404423709557,1.0,0.9994974380856169,3.0,1.0012734780830657,9.0,101.4800033569336,101.82499694824219,101.09500122070312,101.39900207519531,101.39900207519531,19385.0,1.0,0.9992855302104556,1.0,1.0037333005005893,5.0,1.0082136276184128,8.0,455.8800048828125,457.7799987792969,452.489990234375,456.9200134277344,455.31396484375,80011800.0,0.0,1.004871315661275,1.0,1.0044140576368925,4.0,1.0061404755338146,4.0,1.0066202063605862,7.0,1.0129572143115688,11.0,2358240313.0,282988837608.9722
2075,2023-07-31,160.27130126953125,161.7667236328125,159.7637176513672,161.2571258544922,161.2571258544922,61802657,0,7,0,1.003093667551496,1.0,0.993717660229908,4.0,0.9866772723246788,7.0,29278.314453125,29489.873046875,29131.578125,29230.111328125,29230.111328125,11656781982,0.0,0.9992274687424626,0.0,0.9982248661214888,4.0,0.9883384411758743,7.0,1861.7552490234375,1875.62939453125,1851.9154052734375,1856.162353515625,1856.162353515625,4391613314,0.0,0.998525623690992,0.0,0.9945848830850094,4.0,0.9890991140320089,7.0,1959.199951171875,1971.5999755859375,1950.0,1970.5,1970.5,1025.0,1.0,1.002569379918901,2.0,1.0044858943670223,4.0,1.0048752095718603,10.0,101.45999908447266,101.66500091552734,101.29499816894531,101.6259994506836,101.6259994506836,12464.0,0.0,1.001118075969867,1.0,1.0045186081428608,5.0,1.0104813863120496,9.0,457.4100036621094,458.1600036621094,456.04998779296875,457.7900085449219,456.180908203125,62040400.0,1.0,1.0009511157594089,2.0,1.004740696703381,4.0,1.0062803711485158,5.0,1.0069950173933613,7.0,1.0121737843610532,11.0,2336386037.0,280366324466.40625
2076,2023-08-01,161.2644500732422,163.42050170898438,157.59417724609375,160.26504516601562,160.26504516601562,117119417,0,8,1,0.9969144252624081,1.0,0.9897712917671423,3.0,0.9837974017267125,6.0,29230.873046875,29675.732421875,28657.0234375,29675.732421875,29675.732421875,18272392391,0.0,1.007564972596628,1.0,1.0112312091576674,4.0,1.0044704761286478,8.0,1856.190185546875,1873.0299072265625,1817.9207763671875,1871.7921142578125,1871.7921142578125,7634860636,0.0,1.0041925835943812,1.0,1.001882233992174,4.0,0.9988419632204507,8.0,1964.9000244140625,1965.4000244140625,1940.699951171875,1940.699951171875,1940.699951171875,688.0,1.0,0.9923808424012697,1.0,0.9909981259393611,4.0,0.9893622195720471,9.0,101.66000366210938,102.2249984741211,101.62000274658203,102.08499908447266,102.08499908447266,14725.0,1.0,1.002253190240535,2.0,1.007225110340974,5.0,1.014586608072631,10.0,456.2699890136719,457.25,455.489990234375,456.4800109863281,454.8755187988281,55291500.0,1.0,0.998567165574055,1.0,1.0014084047079166,3.0,1.0020477821644256,5.0,1.0036078842259155,6.0,1.0071959576962448,10.0,2342004800.0,281040575945.7951
2077,2023-08-02,160.2406463623047,160.8964385986328,159.21084594726562,159.8489990234375,159.8489990234375,81942144,1,8,2,0.9987003189952769,0.0,0.9899583505242708,2.0,0.9841006129872831,6.0,29704.146484375,29987.998046875,28946.509765625,29151.958984375,29151.958984375,19212655598,1.0,0.9910964815212118,1.0,0.9943657920709356,3.0,0.9883130712721607,8.0,1873.4681396484375,1877.511474609375,1822.3482666015625,1839.0897216796875,1839.0897216796875,6448512422,1.0,0.9911874336009777,1.0,0.9868736920461998,3.0,0.9834380455408577,8.0,1948.4000244140625,1953.5999755859375,1933.199951171875,1937.4000244140625,1937.4000244140625,652.0,0.0,0.9991490867232442,0.0,0.9909684880752386,4.0,0.9883114023888986,8.0,101.81500244140625,102.58000183105469,101.78500366210938,102.38899993896484,102.38899993896484,12795.0,1.0,1.0014867457766958,2.0,1.0083683275777933,5.0,1.0161294789805728,11.0,453.25,453.5199890136719,449.3500061035156,450.1300048828125,448.5478210449219,93933400.0,0.0,0.992995879162632,0.0,0.9898144509100856,2.0,0.9893712538227823,4.0,0.9907512592853502,5.0,0.9925849632865918,9.0,2411804154.0,289416498503.46875
2078,2023-08-03,159.8766632080078,161.5696258544922,159.76483154296875,160.3585662841797,160.3585662841797,85629319,0,8,3,1.0015913654640003,1.0,0.9946880696121435,3.0,0.9894619547900688,7.0,29161.8125,29375.70703125,28959.48828125,29178.6796875,29178.6796875,12780357746,0.0,1.0004580903575446,1.0,0.9954324937578907,4.0,0.9908655358179025,8.0,1838.89794921875,1856.4075927734375,1825.3477783203125,1835.136474609375,1835.136474609375,4710581074,0.0,0.9989240599628011,0.0,0.98665993179849,3.0,0.9832123266812572,8.0,1934.199951171875,1936.5,1928.0,1932.0,1932.0,773.0,0.0,0.9986044284953763,0.0,0.9903846822582714,3.0,0.9864692325617017,7.0,102.41500091552734,102.65499877929688,102.17500305175781,102.3499984741211,102.3499984741211,15138.0,1.0,0.999809506419656,1.0,1.0062090027153432,4.0,1.0138012867954929,11.0,448.0400085449219,450.7900085449219,447.3699951171875,448.8399963378906,447.2623596191406,64276100.0,0.0,0.9985650149135453,0.0,0.9885646597158887,2.0,0.9885845711278609,3.0,0.9886386993657545,5.0,0.9898451265011836,8.0,2486506652.0,298380798287.4965
2079,2023-08-04,160.34584045410156,161.7005615234375,157.3433380126953,158.4091033935547,158.4091033935547,99473749,1,8,4,0.9938843770053725,1.0,0.9868797354577291,2.0,0.9804158325967057,7.0,29174.3828125,29302.078125,28885.3359375,29074.091796875,29074.091796875,12036639988,1.0,0.9982045851560375,1.0,0.993050947885478,3.0,0.9889211865745504,8.0,1834.8905029296875,1847.9122314453125,1817.413818359375,1827.712890625,1827.712890625,4861242484,0.0,0.9979732761999892,0.0,0.9862312966240554,2.0,0.9814524706787124,7.0,1934.9000244140625,1945.0,1920.0,1939.5999755859375,1939.5999755859375,290.0,0.0,1.0019630064143668,1.0,0.9964185989359725,3.0,0.9910413023405777,7.0,102.29000091552734,102.44999694824219,101.55000305175781,101.83599853515625,101.83599853515625,18985.0,0.0,0.9974826876157356,0.0,0.9994714088564406,4.0,1.0072261121699855,10.0,450.7200012207031,452.8999938964844,446.2699890136719,446.80999755859375,445.2394714355469,100052300.0,0.0,0.9977334909918713,0.0,0.9884958163284306,1.0,0.9868147764058276,2.0,0.9853327915475824,5.0,0.9857262503330005,8.0,2625784749.0,315094169899.60767
2080,2023-08-05,158.41111755371094,161.1367950439453,157.8441162109375,159.50979614257812,159.50979614257812,86465174,1,8,5,1.0034621809229631,1.0,0.9970153755268806,3.0,0.9882578927486407,8.0,29075.388671875,29102.46484375,28957.796875,29042.126953125,29042.126953125,6598366353,0.0,0.9994499841105027,0.0,0.9934851485127725,2.0,0.9897789854649284,7.0,1827.798583984375,1836.46484375,1824.8079833984375,1834.9879150390625,1834.9879150390625,2866049749,0.0,1.0019862458879558,1.0,0.9936866356901205,2.0,0.9873770810675987,7.0,1934.9000244140625,1945.0,1920.0,1939.5999755859375,1939.5999755859375,290.0,0.0,1.0019630064143668,1.0,0.9964185989359725,3.0,0.9910413023405777,7.0,102.29000091552734,102.44999694824219,101.55000305175781,101.83599853515625,101.83599853515625,18985.0,0.0,0.9974826876157356,0.0,0.9994714088564406,4.0,1.0072261121699855,10.0,450.7200012207031,452.8999938964844,446.2699890136719,446.80999755859375,445.2394714355469,100052300.0,0.0,0.9977334909918713,0.0,0.9884958163284306,1.0,0.9868147764058276,2.0,0.9853327915475824,5.0,0.9857262503330005,8.0,2592765063.0,311131807535.6667
2081,2023-08-06,159.51797485351562,160.90687561035156,159.22914123535156,159.62782287597656,159.62782287597656,72981325,0,8,6,1.0003698302123123,2.0,0.9983188258863978,4.0,0.99003390923979,8.0,29043.701171875,29160.822265625,28963.833984375,29041.85546875,29041.85546875,7269806994,0.0,0.9999953260027347,0.0,0.994610578787028,2.0,0.9914139725387138,7.0,1834.84521484375,1836.2489013671875,1824.9866943359375,1827.4620361328125,1827.4620361328125,2963395076,1.0,0.9979451244367608,1.0,0.9922349840520314,2.0,0.9846503341827957,7.0,1934.9000244140625,1945.0,1920.0,1939.5999755859375,1939.5999755859375,290.0,0.0,1.0019630064143668,1.0,0.9964185989359725,3.0,0.9910413023405777,7.0,102.29000091552734,102.44999694824219,101.55000305175781,101.83599853515625,101.83599853515625,18985.0,0.0,0.9974826876157356,0.0,0.9994714088564406,4.0,1.0072261121699855,10.0,450.7200012207031,452.8999938964844,446.2699890136719,446.80999755859375,445.2394714355469,100052300.0,0.0,0.9977334909918713,0.0,0.9884958163284306,1.0,0.9868147764058276,2.0,0.9853327915475824,5.0,0.9857262503330005,8.0,2604490855.0,312538902609.28125
2082,2023-08-07,159.6248779296875,160.62637329101562,157.29351806640625,158.286865234375,158.286865234375,82770526,1,8,0,0.9957820204861497,1.0,0.992566428912187,3.0,0.983919809404169,7.0,29038.513671875,29244.28125,28724.140625,29180.578125,29180.578125,13618163710,0.0,1.002382632392489,1.0,0.9996037262804947,3.0,0.9982031688736238,7.0,1827.239501953125,1842.5225830078125,1804.7166748046875,1826.9388427734375,1826.9388427734375,5837881974,0.0,0.9998568319741835,0.0,0.9942045090357998,2.0,0.9865745645012003,6.0,1941.0,1941.0,1929.800048828125,1933.5,1933.5,376.0,1.0,0.9984250405038887,1.0,0.9941531224444742,3.0,0.9885609464641829,7.0,101.83999633789062,102.19000244140625,101.7699966430664,101.86100006103516,101.86100006103516,8180.0,0.0,1.000122738803474,1.0,0.9992726506852898,4.0,1.005926611046216,11.0,448.7099914550781,450.8699951171875,447.989990234375,450.7099914550781,449.1257629394531,58357500.0,0.0,1.004345300321133,1.0,1.000257418454029,1.0,0.9959875735823218,3.0,0.9946988579097241,5.0,0.9943492027877653,8.0,2702712749.0,324325529911.1428
2083,2023-08-08,158.27378845214844,160.085205078125,157.78306579589844,158.8878631591797,158.8878631591797,85841743,0,8,1,1.0018948480790026,1.0,0.997565787633293,4.0,0.9884650230685109,8.0,29180.01953125,30176.796875,29113.814453125,29765.4921875,29765.4921875,17570561357,1.0,1.0099228677908316,2.0,1.0191927325081294,3.0,1.0168469155225701,8.0,1826.9310302734375,1873.84716796875,1824.4300537109375,1855.807373046875,1855.807373046875,5812855406,0.0,1.00783885953081,1.0,1.0111710785778674,2.0,1.0019546017329097,7.0,1931.699951171875,1933.199951171875,1923.0,1924.0999755859375,1924.0999755859375,555.0,0.0,0.9975632454185106,0.0,0.9919648176991291,2.0,0.9855386550617741,6.0,101.8949966430664,102.62999725341797,101.88500213623047,102.33999633789062,102.33999633789062,11412.0,1.0,1.002345709792325,2.0,1.002649428897121,5.0,1.0088536451930703,11.0,448.0799865722656,450.70001220703125,445.2699890136719,448.75,447.17266845703125,71361300.0,1.0,0.9978209242504412,1.0,0.9993363781863606,1.0,0.9942206197450916,2.0,0.9918376407626934,4.0,0.9908178639291012,7.0,2769293927.0,332315271295.892
2084,2023-08-09,158.87852478027344,159.5029296875,156.61822509765625,157.20314025878906,157.20314025878906,78453875,0,8,2,0.9946701333407996,1.0,0.9893361906464689,4.0,0.9802400815684306,7.0,29766.6953125,30093.435546875,29376.80078125,29561.494140625,29561.494140625,18379521213,1.0,0.9965614628434566,1.0,1.0101840297144102,3.0,1.0091101065704802,7.0,1855.7794189453125,1869.736572265625,1845.48974609375,1854.297607421875,1854.297607421875,5870081833,1.0,0.9995930666024417,1.0,1.009153861860655,2.0,1.0012636061594684,6.0,1925.4000244140625,1928.800048828125,1913.699951171875,1915.4000244140625,1915.4000244140625,451.0,0.0,0.9977340926756414,0.0,0.9915031923588987,1.0,0.9831673181714439,5.0,102.3499984741211,102.40499877929688,102.12000274658203,102.31199645996094,102.31199645996094,8116.0,1.0,0.9998631829695529,1.0,1.0014136248765377,4.0,1.0070395647383408,10.0,449.0299987792969,449.20001220703125,444.9599914550781,445.75,444.1832275390625,78789600.0,0.0,0.9966461710452766,0.0,0.9945958313189021,1.0,0.9913517837468995,1.0,0.9873368345288368,3.0,0.9855649433153952,6.0,2736479066.0,328377487863.88544
2085,2023-08-10,157.19956970214844,157.45419311523438,154.4073028564453,155.99337768554688,155.99337768554688,97252803,1,8,3,0.9961373690193541,0.0,0.9855906976856929,3.0,0.975540059114595,6.0,29563.97265625,29688.564453125,29354.447265625,29429.591796875,29429.591796875,11865344789,0.0,0.9977640292316411,0.0,1.0044462862802357,2.0,1.0044369263465276,6.0,1854.3482666015625,1863.3109130859375,1845.4422607421875,1850.75341796875,1850.75341796875,3760304518,0.0,0.9990434168304737,0.0,1.0060035783831518,2.0,1.000120535721805,5.0,1921.0999755859375,1927.800048828125,1911.4000244140625,1914.4000244140625,1914.4000244140625,178.0,0.0,0.9997388897625854,0.0,0.9929166404861525,1.0,0.9844698222783228,5.0,102.33000183105469,102.5,101.5999984741211,102.36699676513672,102.36699676513672,17705.0,0.0,1.0002687149487555,1.0,1.0015570382548153,4.0,1.0064120244125907,10.0,448.19000244140625,451.70001220703125,444.70001220703125,445.9100036621094,444.3426513671875,93005500.0,0.0,1.0001794447002805,1.0,0.9962554796652888,2.0,0.995049262554772,2.0,0.9891328722491047,4.0,0.9868307518397372,7.0,2161003413.0,259320409594.69687
2086,2023-08-11,155.98703002929688,157.88624572753906,155.8658447265625,156.7930145263672,156.7930145263672,81873242,1,8,4,1.0025564949778203,1.0,0.9920900629770519,4.0,0.9827344144356442,7.0,29424.90234375,29517.7734375,29253.517578125,29397.71484375,29397.71484375,10195168197,0.0,0.9994581265921328,0.0,1.0017775894684235,2.0,1.0029221698383612,6.0,1850.74169921875,1855.0660400390625,1839.5692138671875,1847.1243896484375,1847.1243896484375,3353025102,0.0,0.9990186186485565,0.0,1.002519827028407,2.0,0.9986355310884714,5.0,1913.0,1916.5999755859375,1911.800048828125,1912.9000244140625,1912.9000244140625,57.0,0.0,0.9996080788072889,0.0,0.9939429587981095,1.0,0.9854349352273902,5.0,102.48999786376953,102.76499938964844,102.26499938964844,102.68900299072266,102.68900299072266,17970.0,1.0,1.0015703331088548,2.0,1.0042864267179565,4.0,1.008328060575559,10.0,443.9700012207031,446.70001220703125,443.3500061035156,445.6499938964844,444.08355712890625,68664600.0,1.0,0.9997083653749193,1.0,0.9961909272866241,2.0,0.995891347359236,2.0,0.9910336486019667,3.0,0.9872064296346937,7.0,2126094485.0,255131338227.21527
2087,2023-08-12,156.7890625,158.0399932861328,156.5753631591797,157.72328186035156,157.72328186035156,75281080,1,8,5,1.0029577714880649,2.0,0.9995904153149747,4.0,0.9908772909248612,7.0,29399.787109375,29465.11328125,29357.587890625,29415.96484375,29415.96484375,6194358008,0.0,1.0003103019586084,1.0,1.0005785555317168,3.0,1.0033240743775949,6.0,1847.1719970703125,1852.281005859375,1845.71923828125,1848.889892578125,1848.889892578125,2291124840,0.0,1.000477677518233,1.0,1.0023975704901409,2.0,1.0005224135798043,5.0,1913.0,1916.5999755859375,1911.800048828125,1912.9000244140625,1912.9000244140625,57.0,0.0,0.9996080788072889,0.0,0.9939429587981095,1.0,0.9854349352273902,5.0,102.48999786376953,102.76499938964844,102.26499938964844,102.68900299072266,102.68900299072266,17970.0,1.0,1.0015703331088548,2.0,1.0042864267179565,4.0,1.008328060575559,10.0,443.9700012207031,446.70001220703125,443.3500061035156,445.6499938964844,444.08355712890625,68664600.0,1.0,0.9997083653749193,1.0,0.9961909272866241,2.0,0.995891347359236,2.0,0.9910336486019667,3.0,0.9872064296346937,7.0,2112360393.0,253483247207.35532
2088,2023-08-13,157.75039672851562,159.56332397460938,157.10189819335938,158.22772216796875,158.22772216796875,75273703,1,8,6,1.0015965776376263,2.0,1.0040601290053215,4.0,0.9961226675768364,8.0,29416.59375,29441.43359375,29265.806640625,29282.9140625,29282.9140625,7329897180,1.0,0.9977333335196656,1.0,0.9948874805098679,3.0,0.9989540584135751,5.0,1849.0538330078125,1859.9163818359375,1834.8043212890625,1839.2801513671875,1839.2801513671875,3054625661,1.0,0.9973944419328731,1.0,0.9962756114058827,2.0,0.9968249283441548,4.0,1913.0,1916.5999755859375,1911.800048828125,1912.9000244140625,1912.9000244140625,57.0,0.0,0.9996080788072889,0.0,0.9939429587981095,1.0,0.9854349352273902,5.0,102.48999786376953,102.76499938964844,102.26499938964844,102.68900299072266,102.68900299072266,17970.0,1.0,1.0015703331088548,2.0,1.0042864267179565,4.0,1.008328060575559,10.0,443.9700012207031,446.70001220703125,443.3500061035156,445.6499938964844,444.08355712890625,68664600.0,1.0,0.9997083653749193,1.0,0.9961909272866241,2.0,0.995891347359236,2.0,0.9910336486019667,3.0,0.9872064296346937,7.0,2242999964.0,269159995689.21875
2089,2023-08-14,158.22950744628906,159.7809295654297,158.00344848632812,158.3087921142578,158.3087921142578,91093263,0,8,0,1.0002561156221514,2.0,1.0045546039647806,5.0,0.9974509040540536,9.0,29283.263671875,29660.25390625,29124.10546875,29408.443359375,29408.443359375,14013695304,0.0,1.002138803776043,1.0,0.9980485379294028,3.0,1.0029326798877651,6.0,1839.323486328125,1853.8363037109375,1834.8004150390625,1844.185791015625,1844.185791015625,4083364724,0.0,1.0013317999202849,1.0,0.9976014471613424,3.0,1.0001144590360775,5.0,1909.300048828125,1912.5999755859375,1903.300048828125,1910.5999755859375,1910.5999755859375,46.0,0.0,0.9993984441406761,0.0,0.9943273357199779,1.0,0.9859329229052816,5.0,102.71499633789062,103.32499694824219,102.62999725341797,103.05799865722656,103.05799865722656,16466.0,1.0,1.0017934437126588,2.0,1.006899171155774,5.0,1.0106446900471038,10.0,444.70001220703125,448.1099853515625,444.3800048828125,448.1099853515625,446.534912109375,47867400.0,0.0,1.0027524072594387,1.0,1.002855621504388,2.0,1.0016221035870894,3.0,0.998653901898181,3.0,0.9935493928247918,7.0,2197800078.0,263736009299.71527
2090,2023-08-15,158.3309326171875,158.54672241210938,154.93846130371094,155.26109313964844,155.26109313964844,70108161,0,8,1,0.9902806388051533,1.0,0.9884650754331453,4.0,0.9807184067471698,8.0,29408.048828125,29439.12109375,29088.853515625,29170.34765625,29170.34765625,12640195779,1.0,0.9959354623235313,1.0,0.9928328759455267,2.0,0.9949479587303431,6.0,1844.1641845703125,1845.547607421875,1816.3250732421875,1826.9327392578125,1826.9327392578125,4483923893,1.0,0.9953003283289447,1.0,0.9904786308852811,2.0,0.991806114302689,5.0,1906.0,1907.699951171875,1895.0,1902.5,1902.5,73.0,0.0,0.9978757505342637,0.0,0.9928504313418288,0.0,0.9837701606769217,4.0,103.00499725341797,103.16000366210938,102.68000030517578,103.09500122070312,103.09500122070312,18642.0,1.0,1.0001794907835369,2.0,1.005493792991562,6.0,1.00968800861298,10.0,446.2699890136719,446.6400146484375,442.29998779296875,442.8900146484375,441.3332824707031,75707500.0,1.0,0.9941414470223064,1.0,0.9937800735393227,2.0,0.9911950410128163,3.0,0.990019147784102,3.0,0.9838006793258407,6.0,2023471912.0,242816629430.9164
2091,2023-08-16,155.26107788085938,156.1794891357422,152.9180908203125,153.9242401123047,153.9242401123047,91925932,0,8,2,0.995676208139361,0.0,0.9828851474797783,4.0,0.9748771369671018,8.0,29169.07421875,29221.9765625,28701.779296875,28701.779296875,28701.779296875,14949271904,0.0,0.9919033845126424,0.0,0.9809854867096087,2.0,0.9811388182766531,5.0,1827.036376953125,1829.3612060546875,1798.9666748046875,1805.6590576171875,1805.6590576171875,4976573383,0.0,0.9941436630289905,0.0,0.9826467336291317,2.0,0.9826089121901077,4.0,1904.5,1904.5,1890.300048828125,1896.0999755859375,1896.0999755859375,22.0,0.0,0.9983151623084304,0.0,0.9922772001421623,0.0,0.9829275330921899,3.0,103.09500122070312,103.41000366210938,102.82499694824219,103.31900024414062,103.31900024414062,14041.0,1.0,1.00108519297067,2.0,1.0056355975895874,6.0,1.0101123105838834,11.0,442.4599914550781,444.17999267578125,439.5299987792969,439.6400146484375,438.0946960449219,80107200.0,0.0,0.9963174057628505,0.0,0.9891999195243422,2.0,0.9874162063996028,2.0,0.9850640925484571,3.0,0.9788819132079369,5.0,2270269587.0,272432350453.3472
2092,2023-08-17,153.92189025878906,154.50521850585938,137.67552185058594,141.6912384033203,141.6912384033203,95580859,1,8,3,0.9586185345557344,0.0,0.9167314290814044,4.0,0.9043329183847396,8.0,28699.802734375,28745.947265625,25409.111328125,26664.55078125,26664.55078125,31120851211,0.0,0.9632045592917148,0.0,0.9238283075012413,2.0,0.9166947934050036,5.0,1805.5673828125,1807.71484375,1551.7132568359375,1684.9334716796875,1684.9334716796875,14208462072,0.0,0.9654140135451965,0.0,0.9289225170539517,2.0,0.9220688791443207,4.0,1893.699951171875,1902.4000244140625,1884.0,1884.0999755859375,1884.0999755859375,245.0,0.0,0.9968255647439285,0.0,0.9889546962433685,0.0,0.9787803534498297,3.0,103.36499786376953,103.49500274658203,102.94499969482422,103.47000122070312,103.47000122070312,16785.0,1.0,1.000730217639685,2.0,1.0055254140575833,6.0,1.010320315169412,11.0,441.1600036621094,441.42999267578125,435.75,436.2900085449219,434.7564697265625,95711300.0,0.0,0.9961754866087332,0.0,0.9859304639268238,1.0,0.9838253612472474,2.0,0.9803146326771165,3.0,0.9737645332059812,5.0,2199773477.0,263972817192.46
2093,2023-08-18,141.71258544921875,145.0751495361328,141.32232666015625,143.48739624023438,143.48739624023438,74321961,1,8,4,1.006298360461537,1.0,0.9399115081309788,4.0,0.9224184168519813,8.0,26636.078125,26808.1953125,25668.921875,26049.556640625,26049.556640625,24026236529,0.0,0.9883334050275545,0.0,0.9177292890991123,2.0,0.9020210644782677,4.0,1682.0384521484375,1698.124267578125,1644.930908203125,1660.945068359375,1660.945068359375,9645084584,0.0,0.9928304620047468,0.0,0.9293243562645664,2.0,0.9147546542708749,4.0,1891.800048828125,1891.800048828125,1886.0999755859375,1886.0999755859375,1886.0999755859375,19.0,0.0,1.000530475843696,1.0,0.992184379113384,1.0,0.982347151542936,3.0,103.30999755859375,103.57499694824219,103.12999725341797,103.2760009765625,103.2760009765625,12519.0,1.0,0.999061649356801,1.0,1.0022987169313908,6.0,1.0071953829889133,11.0,433.3699951171875,437.57000732421875,433.010009765625,436.5,434.9657287597656,98758400.0,0.0,1.0002405979136129,1.0,0.9905011627448799,2.0,0.9872406629788232,3.0,0.9830638232511394,4.0,0.9772023387452933,5.0,2457996849.0,294959621867.1736
2094,2023-08-19,143.49595642089844,145.1837158203125,143.14772033691406,144.23080444335938,144.23080444335938,46899246,1,8,5,1.0025838066599844,2.0,0.9568625666827344,4.0,0.9328659427768743,9.0,26047.83203125,26249.44921875,25802.408203125,26096.205078125,26096.205078125,10631443812,0.0,1.0008945777367604,1.0,0.9349945513100169,2.0,0.9098912999652953,5.0,1660.8443603515625,1693.2281494140625,1654.0758056640625,1669.471923828125,1669.471923828125,4871231360,0.0,1.002560296650165,1.0,0.9476860447970051,2.0,0.9248240027838754,5.0,1891.800048828125,1891.800048828125,1886.0999755859375,1886.0999755859375,1886.0999755859375,19.0,0.0,1.000530475843696,1.0,0.992184379113384,1.0,0.982347151542936,3.0,103.30999755859375,103.57499694824219,103.12999725341797,103.2760009765625,103.2760009765625,12519.0,1.0,0.999061649356801,1.0,1.0022987169313908,6.0,1.0071953829889133,11.0,433.3699951171875,437.57000732421875,433.010009765625,436.5,434.9657287597656,98758400.0,0.0,1.0002405979136129,1.0,0.9905011627448799,2.0,0.9872406629788232,3.0,0.9830638232511394,4.0,0.9772023387452933,5.0,2397524026.0,287702883156.30554
2095,2023-08-20,144.23280334472656,149.03794860839844,143.5780792236328,147.29470825195312,147.29470825195312,61194259,1,8,6,1.0105098993918793,2.0,0.9874206697283858,4.0,0.9577272581066759,9.0,26096.861328125,26260.681640625,26004.314453125,26189.583984375,26189.583984375,9036580420,1.0,1.0017859328112726,2.0,0.9534358374753253,3.0,0.9192422554872491,6.0,1669.5877685546875,1692.3287353515625,1662.9014892578125,1684.85205078125,1684.85205078125,4105056995,1.0,1.0045851644234562,2.0,0.9685459166521552,3.0,0.9385479166707182,5.0,1891.800048828125,1891.800048828125,1886.0999755859375,1886.0999755859375,1886.0999755859375,19.0,0.0,1.000530475843696,1.0,0.992184379113384,1.0,0.982347151542936,3.0,103.30999755859375,103.57499694824219,103.12999725341797,103.2760009765625,103.2760009765625,12519.0,1.0,0.999061649356801,1.0,1.0022987169313908,6.0,1.0071953829889133,11.0,433.3699951171875,437.57000732421875,433.010009765625,436.5,434.9657287597656,98758400.0,0.0,1.0002405979136129,1.0,0.9905011627448799,2.0,0.9872406629788232,3.0,0.9830638232511394,4.0,0.9772023387452933,5.0,2008985125.0,241078215050.01743
2096,2023-08-21,147.2899932861328,149.6521759033203,145.1746368408203,149.5514373779297,149.5514373779297,67633622,0,8,0,1.0076023527985785,2.0,1.0110282909228263,4.0,0.9766667109775532,9.0,26188.69140625,26220.201171875,25846.087890625,26124.140625,26124.140625,13371557893,1.0,0.9987490212202694,1.0,0.9675804018674485,2.0,0.9232485766725944,6.0,1685.0223388671875,1685.0826416015625,1651.9598388671875,1667.26904296875,1667.26904296875,5077248383,1.0,0.9947546621017709,1.0,0.9725684736832901,2.0,0.9343115482563381,5.0,1893.5999755859375,1893.5999755859375,1893.300048828125,1893.300048828125,1893.300048828125,876.0,1.0,1.0019050836629297,2.0,0.9975537699577901,2.0,0.9887476031396967,3.0,103.2699966430664,103.41000366210938,103.05000305175781,103.20600128173828,103.20600128173828,12438.0,0.0,0.9996609888801027,0.0,1.0004556106556284,5.0,1.0054798237135354,10.0,437.54998779296875,440.1099853515625,435.32000732421875,439.3399963378906,437.7957458496094,68719000.0,1.0,1.0032425972206858,2.0,1.0009295050158091,2.0,0.9957777637090147,3.0,0.9920001324109933,4.0,0.9862761422085521,5.0,1982429143.0,237891497198.4132
2097,2023-08-22,149.55569458007812,149.75836181640625,143.5437469482422,145.4178924560547,145.4178924560547,68550651,0,8,1,0.9859865263815684,1.0,0.9925190257705692,4.0,0.9550228567573591,9.0,26130.748046875,26135.5078125,25520.728515625,26031.65625,26031.65625,14503820706,0.0,0.9982267670989352,0.0,0.980437273496263,2.0,0.9268564810867507,5.0,1667.279296875,1668.638671875,1596.384033203125,1633.892578125,1633.892578125,7244623133,0.0,0.9898894787124383,0.0,0.9686817633514646,2.0,0.9222592389249809,5.0,1894.5999755859375,1896.800048828125,1892.800048828125,1896.4000244140625,1896.4000244140625,46.0,1.0,1.0008180002443532,2.0,1.0004295841709676,3.0,0.991896352027823,4.0,103.22000122070312,103.625,102.92500305175781,103.4729995727539,103.4729995727539,16277.0,0.0,1.0012918501149692,1.0,1.0019560100944411,5.0,1.0071730738550055,10.0,441.17999267578125,441.17999267578125,437.57000732421875,438.1499938964844,436.60992431640625,65062900.0,1.0,0.9986438563919249,1.0,1.000378989209468,2.0,0.9954980797645205,3.0,0.9916866998933619,4.0,0.9863104219338082,5.0,2030856408.0,243702769013.5192
2098,2023-08-23,145.39871215820312,146.24496459960938,142.58860778808594,142.95510864257812,142.95510864257812,67806764,0,8,2,0.9914597281850452,0.0,0.9862581978151371,4.0,0.9454439296750097,8.0,26040.474609375,26786.8984375,25804.998046875,26431.640625,26431.640625,16985265785,0.0,1.0076240800488199,1.0,1.0078118155512137,3.0,0.9486046474015333,5.0,1634.4017333984375,1696.593994140625,1629.5810546875,1679.2744140625,1679.2744140625,7191868448,0.0,1.0136974188275178,1.0,1.0063594424496642,3.0,0.954214095717335,5.0,1909.5999755859375,1918.5,1909.5999755859375,1918.5,1918.5,547.0,1.0,1.005793068086845,2.0,1.011486028470287,4.0,1.0041173083968666,5.0,103.51499938964844,103.90499877929688,103.21499633789062,103.33300018310547,103.33300018310547,19579.0,1.0,0.9993230399997403,1.0,1.000219859979366,4.0,1.0051946094171385,9.0,439.25,443.6700134277344,439.1000061035156,443.0299987792969,441.4727783203125,68441000.0,0.0,1.005538034139874,1.0,1.0099575510813341,3.0,1.0082481417687856,3.0,1.0033495514662256,5.0,0.9983594641770598,6.0,2122091048.0,254650925758.47388
2099,2023-08-24,142.96173095703125,143.0503387451172,135.8259735107422,138.40135192871094,138.40135192871094,82925509,1,8,3,0.9838149914715985,0.0,0.9579475838632856,4.0,0.9229786382993728,8.0,26431.51953125,26554.91015625,25914.92578125,26162.373046875,26162.373046875,12871532023,1.0,0.9948802618525197,1.0,1.0002810445105377,3.0,0.9466396759725917,5.0,1679.248291015625,1682.48974609375,1641.6270751953125,1659.944580078125,1659.944580078125,5104531920,1.0,0.9942112709533896,1.0,0.996908143371409,3.0,0.9502263278186516,5.0,1920.0,1920.800048828125,1918.199951171875,1918.199951171875,1918.199951171875,337.0,1.0,0.9999217950759914,1.0,1.0101333594774609,4.0,1.0044439241011125,5.0,103.2750015258789,103.96499633789062,103.19000244140625,103.91899871826172,103.91899871826172,16063.0,0.0,1.002827468677082,1.0,1.0047472483551505,4.0,1.009867479605948,10.0,444.69000244140625,445.2200012207031,436.8599853515625,436.8900146484375,435.3543701171875,88517300.0,1.0,0.9930221110587757,1.0,0.995688095498844,3.0,0.9962180686241495,3.0,0.9914694293892526,4.0,0.986293793360876,6.0,2081423904.0,249770868523.40973
2100,2023-08-25,138.41229248046875,140.16915893554688,137.15989685058594,139.9029541015625,139.9029541015625,62511772,1,8,4,1.005395540565902,1.0,0.9717852062762288,4.0,0.9397149962600382,9.0,26163.6796875,26248.103515625,25786.8125,26047.66796875,26047.66796875,12406045118,0.0,0.9978030073163384,0.0,0.9959057329116374,3.0,0.9502412781251028,5.0,1660.2698974609375,1671.970703125,1635.9674072265625,1652.93505859375,1652.93505859375,5396997823,0.0,0.9978841605343727,0.0,0.9933811277985758,3.0,0.9534113888101405,5.0,1919.800048828125,1919.800048828125,1911.0999755859375,1911.0999755859375,1911.0999755859375,195.0,0.0,0.9981458815653678,0.0,1.0052601034128006,4.0,1.0017227290825554,4.0,104.01499938964844,104.38500213623047,103.67500305175781,104.01300048828125,104.01300048828125,20825.0,1.0,1.00045207938354,2.0,1.0046930424941767,4.0,1.0093573928394497,11.0,438.67999267578125,441.29998779296875,435.0,439.9700012207031,438.42352294921875,102325100.0,0.0,1.0035125179806639,1.0,1.0011240664860945,3.0,1.0031333753750162,4.0,0.9997477701009453,5.0,0.994270502399763,7.0,2190421315.0,262850557826.56445
2101,2023-08-26,139.96762084960938,144.8639373779297,139.96762084960938,142.97486877441406,142.97486877441406,78233910,1,8,5,1.010859510447372,2.0,0.9943623948585816,4.0,0.9663280865631314,9.0,26047.234375,26107.384765625,25983.87890625,26008.462890625,26008.462890625,6034817316,0.0,0.9992468691491707,0.0,0.994883562566618,2.0,0.9566969571777029,5.0,1652.92724609375,1654.7777099609375,1643.712646484375,1646.3067626953125,1646.3067626953125,2423247747,0.0,0.9979909639070204,0.0,0.9913693175078951,2.0,0.9569780691146582,5.0,1919.800048828125,1919.800048828125,1911.0999755859375,1911.0999755859375,1911.0999755859375,195.0,0.0,0.9981458815653678,0.0,1.0052601034128006,4.0,1.0017227290825554,4.0,104.01499938964844,104.38500213623047,103.67500305175781,104.01300048828125,104.01300048828125,20825.0,1.0,1.00045207938354,2.0,1.0046930424941767,4.0,1.0093573928394497,11.0,438.67999267578125,441.29998779296875,435.0,439.9700012207031,438.42352294921875,102325100.0,0.0,1.0035125179806639,1.0,1.0011240664860945,3.0,1.0031333753750162,4.0,0.9997477701009453,5.0,0.994270502399763,7.0,2118016755.0,254162010547.6146
2102,2023-08-27,142.98121643066406,145.710693359375,142.7776641845703,145.36038208007812,145.36038208007812,62152300,0,8,6,1.0082734015303176,2.0,1.0128998045510855,4.0,0.9879545176231723,9.0,26008.2421875,26165.373046875,25965.09765625,26089.693359375,26089.693359375,6913768611,0.0,1.0015591812570142,1.0,0.9985358794902724,2.0,0.9675773941789606,5.0,1646.27197265625,1659.26708984375,1645.90283203125,1657.5130615234375,1657.5130615234375,2624065031,0.0,1.003391921903845,1.0,1.0004704551928454,2.0,0.970691124426783,5.0,1919.800048828125,1919.800048828125,1911.0999755859375,1911.0999755859375,1911.0999755859375,195.0,0.0,0.9981458815653678,0.0,1.0052601034128006,4.0,1.0017227290825554,4.0,104.01499938964844,104.38500213623047,103.67500305175781,104.01300048828125,104.01300048828125,20825.0,1.0,1.00045207938354,2.0,1.0046930424941767,4.0,1.0093573928394497,11.0,438.67999267578125,441.29998779296875,435.0,439.9700012207031,438.42352294921875,102325100.0,0.0,1.0035125179806639,1.0,1.0011240664860945,3.0,1.0031333753750162,4.0,0.9997477701009453,5.0,0.994270502399763,7.0,2134158674.0,256099040904.19092
2103,2023-08-28,145.35877990722656,146.51417541503906,142.70281982421875,145.2453155517578,145.2453155517578,81936691,1,8,0,0.9996040458626311,1.0,1.0164550919944044,3.0,0.9930137660160137,8.0,26089.615234375,26198.578125,25880.599609375,26106.150390625,26106.150390625,11002805166,1.0,1.0003152939021127,2.0,0.999264033626308,3.0,0.9758524179761583,6.0,1657.4398193359375,1659.3287353515625,1627.44677734375,1652.4573974609375,1652.4573974609375,4855588534,1.0,0.9984725954128149,1.0,0.9986943837432775,2.0,0.9748408078358829,5.0,1915.5,1921.5,1915.5,1917.9000244140625,1917.9000244140625,99.0,0.0,1.0017759333580896,1.0,1.0062811656034507,5.0,1.005835351545629,5.0,104.15499877929688,104.15499877929688,103.92500305175781,103.99199676513672,103.99199676513672,9950.0,1.0,0.9998990229878038,1.0,1.0037671458521162,3.0,1.0077642319908067,10.0,442.239990234375,443.3999938964844,439.9700012207031,442.760009765625,441.2037353515625,61595400.0,1.0,1.003160658989949,2.0,1.005906956747282,3.0,1.0073716956169567,5.0,1.0073121003904488,5.0,1.0017753797755131,7.0,2194699833.0,263363979935.40973
2104,2023-08-29,145.2431182861328,148.3677215576172,143.01583862304688,146.83787536621094,146.83787536621094,78887119,0,8,1,1.0054524185710516,1.0,1.0261434062355095,4.0,1.0091780651052122,8.0,26102.486328125,28089.337890625,25912.62890625,27727.392578125,27727.392578125,29368391712,1.0,1.030115836671592,2.0,1.0515695553886613,4.0,1.0408149110967886,6.0,1652.274169921875,1742.6373291015625,1639.576171875,1729.7257080078125,1729.7257080078125,11304916729,0.0,1.022845691122381,1.0,1.0368142827913633,3.0,1.0250383169198638,5.0,1917.9000244140625,1936.5,1916.9000244140625,1936.5,1936.5,1674.0,1.0,1.0048256474336146,2.0,1.012216337882428,5.0,1.0151499266093522,6.0,103.90499877929688,104.29499816894531,103.30500030517578,103.47100067138672,103.47100067138672,18400.0,0.0,0.9974887276276367,0.0,0.9984698341972078,3.0,1.0019832328890352,9.0,442.6499938964844,449.45001220703125,442.4599914550781,449.1600036621094,447.58123779296875,83081900.0,1.0,1.0071755244866505,2.0,1.0153674998317732,4.0,1.0177451225194367,5.0,1.0204169711158575,6.0,1.016192966443129,8.0,2160521669.0,259262600280.00345
2105,2023-08-30,146.84140014648438,148.1521453857422,140.88209533691406,141.97479248046875,141.97479248046875,87057473,1,8,2,0.9831618089261797,1.0,0.9931307986247508,4.0,0.9817317172691662,8.0,27726.083984375,27760.16015625,27069.20703125,27297.265625,27297.265625,16343655235,1.0,0.9921830145398237,1.0,1.0304243084645492,3.0,1.0294946841066255,6.0,1729.6766357421875,1730.564697265625,1697.147216796875,1705.1121826171875,1705.1121826171875,5023904190,1.0,0.992834152244039,1.0,1.0198043943350548,2.0,1.0153388605166604,5.0,1936.0,1946.4000244140625,1934.5999755859375,1944.300048828125,1944.300048828125,396.0,1.0,1.0020099074237232,2.0,1.0124378160277288,5.0,1.0182104712708286,7.0,103.4800033569336,103.63500213623047,102.8550033569336,103.09300231933594,103.09300231933594,18829.0,0.0,0.9981700666787148,0.0,0.9949772333848784,3.0,0.9978197032079311,9.0,449.510009765625,451.6700134277344,448.7799987792969,451.010009765625,449.42474365234375,69053900.0,1.0,1.0020551741070234,2.0,1.0158843895797085,4.0,1.018091125050198,5.0,1.0219800276971345,7.0,1.0195695894233423,9.0,2055023490.0,246602818780.6493
2106,2023-08-31,141.99913024902344,144.63328552246094,140.9955291748047,142.97122192382812,142.97122192382812,92560649,0,8,3,1.0034969060558454,1.0,0.9955545591493051,5.0,0.9936389584235841,9.0,27301.9296875,27456.078125,25752.9296875,25931.47265625,25931.47265625,20181001451,0.0,0.9743410606215496,0.0,0.9800883613291848,3.0,0.9848446531077291,6.0,1705.364501953125,1720.011962890625,1634.8509521484375,1645.63916015625,1645.63916015625,6593153505,0.0,0.9822508397738308,0.0,0.9854388593964815,2.0,0.9861893209858891,5.0,1944.4000244140625,1944.4000244140625,1938.199951171875,1938.199951171875,1938.199951171875,491.0,1.0,0.9984288222392145,1.0,1.0061328548155097,4.0,1.0141732155113181,7.0,103.08499908447266,103.69000244140625,102.95500183105469,103.58699798583984,103.58699798583984,17585.0,0.0,1.002390147405528,1.0,0.9995878026825578,3.0,1.0018123645131611,9.0,451.6499938964844,452.8299865722656,450.1600036621094,450.3500061035156,448.7670593261719,66084600.0,1.0,0.999267769092827,1.0,1.0082838910767695,4.0,1.0126173637240572,5.0,1.017243566138583,7.0,1.0173967714686538,8.0,2145785171.0,257494220544.9338
2107,2023-09-01,142.9765625,144.6171875,139.1280975341797,140.82167053222656,140.82167053222656,68834516,0,9,4,0.992425633450512,1.0,0.9796911998277744,4.0,0.9790942146092119,9.0,25934.021484375,26125.869140625,25362.609375,25800.724609375,25800.724609375,17202862221,0.0,0.9974725982311623,0.0,0.9764486241648176,3.0,0.9820268326002758,6.0,1645.581298828125,1653.53173828125,1603.0341796875,1628.4912109375,1628.4912109375,6104510092,0.0,0.9947625942539907,0.0,0.9772137665500289,2.0,0.978118613294306,5.0,1950.0,1950.0,1936.5999755859375,1939.800048828125,1939.800048828125,167.0,0.0,1.0004126089882026,1.0,1.0053754140231657,4.0,1.0140589105995474,8.0,103.58499908447266,104.25499725341797,103.21499633789062,104.19100189208984,104.19100189208984,19162.0,1.0,1.002906967564443,2.0,1.004228498111161,4.0,1.0066789390564657,9.0,453.1700134277344,453.6700134277344,449.67999267578125,451.19000244140625,449.6040954589844,58875700.0,0.0,1.0009317349534452,1.0,1.005114784473134,4.0,1.0118539112872038,5.0,1.0157704531254854,7.0,1.0184446668467517,9.0,2206518347.0,264782201683.8056
2108,2023-09-02,140.8212127685547,141.62815856933594,139.2657928466797,140.07777404785156,140.07777404785156,51308059,1,9,5,0.9973517338722864,0.0,0.97732994887573,3.0,0.9754637410803956,8.0,25800.91015625,25970.28515625,25753.09375,25868.798828125,25868.798828125,10100387473,0.0,1.0013174926769421,1.0,0.979764766060648,4.0,0.9850696913228526,7.0,1628.5596923828125,1644.0306396484375,1627.97607421875,1637.025390625,1637.025390625,2943590996,0.0,1.0026134240699975,1.0,0.9831171085400071,3.0,0.9841871311429847,6.0,1950.0,1950.0,1936.5999755859375,1939.800048828125,1939.800048828125,167.0,0.0,1.0004126089882026,1.0,1.0053754140231657,4.0,1.0140589105995474,8.0,103.58499908447266,104.25499725341797,103.21499633789062,104.19100189208984,104.19100189208984,19162.0,1.0,1.002906967564443,2.0,1.004228498111161,4.0,1.0066789390564657,9.0,453.1700134277344,453.6700134277344,449.67999267578125,451.19000244140625,449.6040954589844,58875700.0,0.0,1.0009317349534452,1.0,1.005114784473134,4.0,1.0118539112872038,5.0,1.0157704531254854,7.0,1.0184446668467517,9.0,2291039065.0,274924687857.2778
2109,2023-09-03,140.08851623535156,141.3919677734375,139.29747009277344,140.83998107910156,140.83998107910156,49564266,1,9,6,1.002713274676802,1.0,0.9870953461813582,3.0,0.9823178949711577,8.0,25869.47265625,26087.1484375,25817.03125,25969.56640625,25969.56640625,8962524523,1.0,1.0019438803224099,2.0,0.9842209820493389,4.0,0.9892248901830719,7.0,1637.0435791015625,1645.6451416015625,1626.0892333984375,1636.11767578125,1636.11767578125,3151878318,1.0,0.9997226779198666,1.0,0.9843788799220803,2.0,0.9849581485672572,5.0,1950.0,1950.0,1936.5999755859375,1939.800048828125,1939.800048828125,167.0,0.0,1.0004126089882026,1.0,1.0053754140231657,4.0,1.0140589105995474,8.0,103.58499908447266,104.25499725341797,103.21499633789062,104.19100189208984,104.19100189208984,19162.0,1.0,1.002906967564443,2.0,1.004228498111161,4.0,1.0066789390564657,9.0,453.1700134277344,453.6700134277344,449.67999267578125,451.19000244140625,449.6040954589844,58875700.0,0.0,1.0009317349534452,1.0,1.005114784473134,4.0,1.0118539112872038,5.0,1.0157704531254854,7.0,1.0184446668467517,9.0,2164825728.0,259779087386.5764
2110,2023-09-04,140.84280395507812,143.77020263671875,140.7762908935547,141.17086791992188,141.17086791992188,63835398,0,9,0,1.0011733124523214,2.0,0.9934672304121915,4.0,0.9874374299058303,8.0,25968.169921875,26081.525390625,25657.025390625,25812.416015625,25812.416015625,10680635106,1.0,0.9969651530653139,1.0,0.9798233702487621,3.0,0.9841814117949561,6.0,1635.7247314453125,1642.6531982421875,1618.523681640625,1629.6552734375,1629.6552734375,3887968912,0.0,0.9980211721867266,0.0,0.9824161392055086,2.0,0.9832458721512436,4.0,1950.0,1950.0,1936.5999755859375,1939.800048828125,1939.800048828125,167.0,0.0,1.0004126089882026,1.0,1.0053754140231657,4.0,1.0140589105995474,8.0,103.58499908447266,104.25499725341797,103.21499633789062,104.19100189208984,104.19100189208984,19162.0,1.0,1.002906967564443,2.0,1.004228498111161,4.0,1.0066789390564657,9.0,453.1700134277344,453.6700134277344,449.67999267578125,451.19000244140625,449.6040954589844,58875700.0,0.0,1.0009317349534452,1.0,1.005114784473134,4.0,1.0118539112872038,5.0,1.0157704531254854,7.0,1.0184446668467517,9.0,2323925713.0,278871085501.55554
2111,2023-09-05,141.1766815185547,141.29917907714844,137.67327880859375,137.7813720703125,137.7813720703125,54468002,1,9,1,0.9878491893460758,1.0,0.9785234716672258,3.0,0.9690477736203847,7.0,25814.95703125,25858.375,25589.98828125,25779.982421875,25779.982421875,11094740040,0.0,0.9993713493705998,0.0,0.989036790937614,2.0,0.9838054187635775,6.0,1629.9110107421875,1645.9483642578125,1610.1412353515625,1633.62939453125,1633.62939453125,4417491902,0.0,1.0012178285065838,1.0,0.9930299735613107,2.0,0.9869791131592027,5.0,1934.4000244140625,1934.4000244140625,1924.699951171875,1926.199951171875,1926.199951171875,113.0,1.0,0.9964821268349069,1.0,0.9977356562234072,4.0,1.0064021051342027,8.0,104.0999984741211,104.8550033569336,104.06999969482422,104.76300048828125,104.76300048828125,15419.0,1.0,1.002737437855582,2.0,1.0085695462892639,4.0,1.0110950921091957,9.0,450.7300109863281,451.05999755859375,449.1700134277344,449.239990234375,447.66094970703125,55166200.0,1.0,0.9978343544496597,1.0,0.9978897527668779,3.0,1.0035102206880895,5.0,1.0091312116690088,6.0,1.0138706140489329,8.0,2157782459.0,258933895058.7952
2112,2023-09-06,137.78024291992188,142.64498901367188,137.6355438232422,142.1132354736328,142.1132354736328,67734044,1,9,2,1.015476766206152,1.0,1.0091466257477266,4.0,1.0010659009409988,8.0,25783.931640625,25953.015625,25404.359375,25753.236328125,25753.236328125,12752705327,0.0,0.9994809931458046,0.0,0.9964428670374652,2.0,0.9834813743602505,6.0,1633.912109375,1656.9327392578125,1611.147705078125,1632.2523193359375,1632.2523193359375,4987397046,1.0,0.9995783450486081,1.0,0.9985104892224573,2.0,0.9862122894367615,5.0,1924.0999755859375,1925.300048828125,1916.300048828125,1918.0999755859375,1918.0999755859375,24.0,0.0,0.9978929907290639,0.0,0.9930256511427825,4.0,1.0016257626563223,8.0,104.72000122070312,105.01499938964844,104.55000305175781,104.82099914550781,104.82099914550781,12581.0,1.0,1.000276732275975,2.0,1.0080077629030215,4.0,1.0105326183098056,9.0,448.3999938964844,448.510009765625,443.80999755859375,446.2200012207031,444.65155029296875,70758500.0,0.0,0.9966274439478144,0.0,0.9924777898725315,2.0,0.9947801337840744,4.0,1.0005336480721285,6.0,1.0065506270478497,8.0,2158740392.0,259048847047.8328
2113,2023-09-07,142.10711669921875,143.2759552001953,141.16893005371094,143.25074768066406,143.25074768066406,62422431,1,9,3,1.0039861800163343,2.0,1.016935742907814,4.0,1.008938623279518,9.0,25748.3125,26409.302734375,25608.201171875,26240.1953125,26240.1953125,11088307100,0.0,1.0093657788880108,1.0,1.013554688100753,3.0,1.002566334842461,6.0,1632.2628173828125,1657.3037109375,1623.220458984375,1647.5982666015625,1647.5982666015625,4907290296,0.0,1.0046788555952584,1.0,1.007725654476441,3.0,0.9967561452508314,5.0,1917.5999755859375,1921.5,1917.5,1917.5,1917.5,41.0,0.0,0.9998435771222869,0.0,0.9927444066266974,3.0,1.0005670331680643,8.0,104.83000183105469,105.125,104.78500366210938,105.02799987792969,105.02799987792969,15068.0,1.0,1.0009864270660578,2.0,1.008562950124087,5.0,1.011417299397236,9.0,443.1099853515625,445.54998779296875,442.75,444.8500061035156,443.286376953125,70355400.0,0.0,0.9984625280775621,0.0,0.9921493518576083,1.0,0.9910662641765,3.0,0.9970548981993526,5.0,1.0026747081065748,8.0,2015884365.0,241906123769.5556
